,0,1,2,3,4,5,6,7,8,9,10,11,12,13,14,15,16,17,18,19,20,21,22,23,24,25,26,27,28,29,30
0,3941.0,-180.6,475.0,4259.0,-180.0,465.0,4081.7,-463.5,257.0,3942.5,-185.48,631.0,4318.1,-187.0,627.0,4099.5,-451.5,420.0,4031.6,-490.5,311.0,4051.2,-218.8,522.5,200.0,0.9833969361448877,400.5905941215608,0.5402,1.0562,4.6158,3.7451
1,3941.0,-180.6,475.0,4259.0,-180.0,465.0,4081.7,-463.5,257.0,3942.5,-185.48,631.0,4318.1,-187.0,627.0,4099.5,-451.5,420.0,4031.6,-490.5,311.0,4051.2,-218.8,522.5,180.0,0.9833969361448877,400.5905941215608,0.6065,0.9479,4.7623,3.6732
2,3941.0,-180.6,475.0,4259.0,-180.0,465.0,4081.7,-463.5,257.0,3942.5,-185.48,631.0,4318.1,-187.0,627.0,4099.5,-451.5,420.0,4031.6,-490.5,311.0,4051.2,-218.8,522.5,160.0,0.9833969361448877,400.5905941215608,0.6529,0.8359,4.9117,3.6204
3,3941.0,-180.6,475.0,4259.0,-180.0,465.0,4081.7,-463.5,257.0,3942.5,-185.48,631.0,4318.1,-187.0,627.0,4099.5,-451.5,420.0,4031.6,-490.5,311.0,4051.2,-218.8,522.5,140.0,0.9833969361448877,400.5905941215608,0.6787,0.7211,5.0639,3.5876
4,3941.0,-180.6,475.0,4259.0,-180.0,465.0,4081.7,-463.5,257.0,3942.5,-185.48,631.0,4318.1,-187.0,627.0,4099.5,-451.5,420.0,4031.6,-490.5,311.0,4051.2,-218.8,522.5,120.0,0.9833969361448877,400.5905941215608,0.6825,0.6047,5.2191,3.5761
5,3941.0,-180.6,475.0,4259.0,-180.0,465.0,4081.7,-463.5,257.0,3942.5,-185.48,631.0,4318.1,-187.0,627.0,4099.5,-451.5,420.0,4031.6,-490.5,311.0,4051.2,-218.8,522.5,100.0,0.9833969361448877,400.5905941215608,0.6621,0.488,5.3776,3.5881
6,3941.0,-180.6,475.0,4259.0,-180.0,465.0,4081.7,-463.5,257.0,3942.5,-185.48,631.0,4318.1,-187.0,627.0,4099.5,-451.5,420.0,4031.6,-490.5,311.0,4051.2,-218.8,522.5,80.0,0.9833969361448877,400.5905941215608,0.6143,0.3723,5.5395,3.6272
7,3941.0,-180.6,475.0,4259.0,-180.0,465.0,4081.7,-463.5,257.0,3942.5,-185.48,631.0,4318.1,-187.0,627.0,4099.5,-451.5,420.0,4031.6,-490.5,311.0,4051.2,-218.8,522.5,60.0,0.9833969361448877,400.5905941215608,0.534,0.2601,5.7052,3.6986
8,3941.0,-180.6,475.0,4259.0,-180.0,465.0,4081.7,-463.5,257.0,3942.5,-185.48,631.0,4318.1,-187.0,627.0,4099.5,-451.5,420.0,4031.6,-490.5,311.0,4051.2,-218.8,522.5,40.0,0.9833969361448877,400.5905941215608,0.4136,0.155,5.8754,3.8101
9,3941.0,-180.6,475.0,4259.0,-180.0,465.0,4081.7,-463.5,257.0,3942.5,-185.48,631.0,4318.1,-187.0,627.0,4099.5,-451.5,420.0,4031.6,-490.5,311.0,4051.2,-218.8,522.5,20.0,0.9833969361448877,400.5905941215608,0.2418,0.064,6.0506,3.974
10,3941.0,-180.6,475.0,4259.0,-180.0,465.0,4081.7,-463.5,257.0,3942.5,-185.48,631.0,4318.1,-187.0,627.0,4099.5,-451.5,420.0,4031.6,-490.5,311.0,4051.2,-218.8,522.5,0.0,0.9833969361448877,400.5905941215608,0.0,0.0,6.2322,4.2105
11,3941.0,-180.6,475.0,4259.0,-180.0,465.0,4081.7,-463.5,257.0,3942.5,-185.48,631.0,4318.1,-187.0,627.0,4099.5,-451.5,420.0,4031.6,-490.5,311.0,4051.2,-218.8,522.5,-20.0,0.9833969361448877,400.5905941215608,-0.3439,-0.0084,6.422,4.555
12,3941.0,-180.6,475.0,4259.0,-180.0,465.0,4081.7,-463.5,257.0,3942.5,-185.48,631.0,4318.1,-187.0,627.0,4099.5,-451.5,420.0,4031.6,-490.5,311.0,4051.2,-218.8,522.5,-40.0,0.9833969361448877,400.5905941215608,-0.8517,0.11,6.6236,5.0782
13,3941.0,-180.6,475.0,4259.0,-180.0,465.0,4081.7,-463.5,257.0,3942.5,-185.48,631.0,4318.1,-187.0,627.0,4099.5,-451.5,420.0,4031.6,-490.5,311.0,4051.2,-218.8,522.5,-60.0,0.9833969361448877,400.5905941215608,-1.6673,0.5826,6.8456,5.9528
14,3942.0,-180.6,475.0,4259.0,-180.0,465.0,4081.7,-463.5,257.0,3942.5,-185.48,631.0,4318.1,-187.0,627.0,4099.5,-451.5,420.0,4031.6,-491.5,309.0,4041.6,-219.8,521.5,200.0,0.9870728722732788,401.5678954109812,0.5742,1.5173,4.6082,3.7487
15,3942.0,-180.6,475.0,4259.0,-180.0,465.0,4081.7,-463.5,257.0,3942.5,-185.48,631.0,4318.1,-187.0,627.0,4099.5,-451.5,420.0,4031.6,-491.5,309.0,4041.6,-219.8,521.5,180.0,0.9870728722732788,401.5678954109812,0.6387,1.3685,4.7554,3.6764
16,3942.0,-180.6,475.0,4259.0,-180.0,465.0,4081.7,-463.5,257.0,3942.5,-185.48,631.0,4318.1,-187.0,627.0,4099.5,-451.5,420.0,4031.6,-491.5,309.0,4041.6,-219.8,521.5,160.0,0.9870728722732788,401.5678954109812,0.683,1.2159,4.9055,3.6233
17,3942.0,-180.6,475.0,4259.0,-180.0,465.0,4081.7,-463.5,257.0,3942.5,-185.48,631.0,4318.1,-187.0,627.0,4099.5,-451.5,420.0,4031.6,-491.5,309.0,4041.6,-219.8,521.5,140.0,0.9870728722732788,401.5678954109812,0.7065,1.0602,5.0584,3.5901
18,3942.0,-180.6,475.0,4259.0,-180.0,465.0,4081.7,-463.5,257.0,3942.5,-185.48,631.0,4318.1,-187.0,627.0,4099.5,-451.5,420.0,4031.6,-491.5,309.0,4041.6,-219.8,521.5,120.0,0.9870728722732788,401.5678954109812,0.7077,0.9023,5.2144,3.5782
19,3942.0,-180.6,475.0,4259.0,-180.0,465.0,4081.7,-463.5,257.0,3942.5,-185.48,631.0,4318.1,-187.0,627.0,4099.5,-451.5,420.0,4031.6,-491.5,309.0,4041.6,-219.8,521.5,100.0,0.9870728722732788,401.5678954109812,0.6845,0.7428,5.3736,3.5898
20,3942.0,-180.6,475.0,4259.0,-180.0,465.0,4081.7,-463.5,257.0,3942.5,-185.48,631.0,4318.1,-187.0,627.0,4099.5,-451.5,420.0,4031.6,-491.5,309.0,4041.6,-219.8,521.5,80.0,0.9870728722732788,401.5678954109812,0.6334,0.5829,5.5363,3.6286
21,3942.0,-180.6,475.0,4259.0,-180.0,465.0,4081.7,-463.5,257.0,3942.5,-185.48,631.0,4318.1,-187.0,627.0,4099.5,-451.5,420.0,4031.6,-491.5,309.0,4041.6,-219.8,521.5,60.0,0.9870728722732788,401.5678954109812,0.5494,0.4241,5.7028,3.6995
22,3942.0,-180.6,475.0,4259.0,-180.0,465.0,4081.7,-463.5,257.0,3942.5,-185.48,631.0,4318.1,-187.0,627.0,4099.5,-451.5,420.0,4031.6,-491.5,309.0,4041.6,-219.8,521.5,40.0,0.9870728722732788,401.5678954109812,0.4248,0.2695,5.8737,3.8107
23,3942.0,-180.6,475.0,4259.0,-180.0,465.0,4081.7,-463.5,257.0,3942.5,-185.48,631.0,4318.1,-187.0,627.0,4099.5,-451.5,420.0,4031.6,-491.5,309.0,4041.6,-219.8,521.5,20.0,0.9870728722732788,401.5678954109812,0.248,0.1244,6.0498,3.9743
24,3942.0,-180.6,475.0,4259.0,-180.0,465.0,4081.7,-463.5,257.0,3942.5,-185.48,631.0,4318.1,-187.0,627.0,4099.5,-451.5,420.0,4031.6,-491.5,309.0,4041.6,-219.8,521.5,0.0,0.9870728722732788,401.5678954109812,0.0,0.0,6.2322,4.2105
25,3942.0,-180.6,475.0,4259.0,-180.0,465.0,4081.7,-463.5,257.0,3942.5,-185.48,631.0,4318.1,-187.0,627.0,4099.5,-451.5,420.0,4031.6,-491.5,309.0,4041.6,-219.8,521.5,-20.0,0.9870728722732788,401.5678954109812,-0.3517,-0.0788,6.4229,4.5549
26,3942.0,-180.6,475.0,4259.0,-180.0,465.0,4081.7,-463.5,257.0,3942.5,-185.48,631.0,4318.1,-187.0,627.0,4099.5,-451.5,420.0,4031.6,-491.5,309.0,4041.6,-219.8,521.5,-40.0,0.9870728722732788,401.5678954109812,-0.8703,-0.048,6.6255,5.0784
27,3942.0,-180.6,475.0,4259.0,-180.0,465.0,4081.7,-463.5,257.0,3942.5,-185.48,631.0,4318.1,-187.0,627.0,4099.5,-451.5,420.0,4031.6,-491.5,309.0,4041.6,-219.8,521.5,-60.0,0.9870728722732788,401.5678954109812,-1.7037,0.3015,6.8488,5.9554
28,3942.0,-180.6,475.0,4259.0,-180.0,465.0,4081.7,-463.5,257.0,3942.5,-185.48,631.0,4318.1,-187.0,627.0,4099.5,-451.5,420.0,4031.6,-491.5,309.5,4041.9,-219.8,521.5,200.0,0.9870843913997053,401.56762379276483,0.5493,1.2125,4.6085,3.7485
29,3942.0,-180.6,475.0,4259.0,-180.0,465.0,4081.7,-463.5,257.0,3942.5,-185.48,631.0,4318.1,-187.0,627.0,4099.5,-451.5,420.0,4031.6,-491.5,309.5,4041.9,-219.8,521.5,180.0,0.9870843913997053,401.56762379276483,0.6154,1.0917,4.7558,3.6763
30,3942.0,-180.6,475.0,4259.0,-180.0,465.0,4081.7,-463.5,257.0,3942.5,-185.48,631.0,4318.1,-187.0,627.0,4099.5,-451.5,420.0,4031.6,-491.5,309.5,4041.9,-219.8,521.5,160.0,0.9870843913997053,401.56762379276483,0.6614,0.9668,4.9058,3.6232
31,3942.0,-180.6,475.0,4259.0,-180.0,465.0,4081.7,-463.5,257.0,3942.5,-185.48,631.0,4318.1,-187.0,627.0,4099.5,-451.5,420.0,4031.6,-491.5,309.5,4041.9,-219.8,521.5,140.0,0.9870843913997053,401.56762379276483,0.6867,0.8388,5.0587,3.5901
32,3942.0,-180.6,475.0,4259.0,-180.0,465.0,4081.7,-463.5,257.0,3942.5,-185.48,631.0,4318.1,-187.0,627.0,4099.5,-451.5,420.0,4031.6,-491.5,309.5,4041.9,-219.8,521.5,120.0,0.9870843913997053,401.56762379276483,0.6899,0.7087,5.2147,3.5782
33,3942.0,-180.6,475.0,4259.0,-180.0,465.0,4081.7,-463.5,257.0,3942.5,-185.48,631.0,4318.1,-187.0,627.0,4099.5,-451.5,420.0,4031.6,-491.5,309.5,4041.9,-219.8,521.5,100.0,0.9870843913997053,401.56762379276483,0.6688,0.5775,5.3738,3.5899
34,3942.0,-180.6,475.0,4259.0,-180.0,465.0,4081.7,-463.5,257.0,3942.5,-185.48,631.0,4318.1,-187.0,627.0,4099.5,-451.5,420.0,4031.6,-491.5,309.5,4041.9,-219.8,521.5,80.0,0.9870843913997053,401.56762379276483,0.6201,0.4466,5.5365,3.6286
35,3942.0,-180.6,475.0,4259.0,-180.0,465.0,4081.7,-463.5,257.0,3942.5,-185.48,631.0,4318.1,-187.0,627.0,4099.5,-451.5,420.0,4031.6,-491.5,309.5,4041.9,-219.8,521.5,60.0,0.9870843913997053,401.56762379276483,0.5387,0.3182,5.703,3.6996
36,3942.0,-180.6,475.0,4259.0,-180.0,465.0,4081.7,-463.5,257.0,3942.5,-185.48,631.0,4318.1,-187.0,627.0,4099.5,-451.5,420.0,4031.6,-491.5,309.5,4041.9,-219.8,521.5,40.0,0.9870843913997053,401.56762379276483,0.4171,0.1958,5.8738,3.8108
37,3942.0,-180.6,475.0,4259.0,-180.0,465.0,4081.7,-463.5,257.0,3942.5,-185.48,631.0,4318.1,-187.0,627.0,4099.5,-451.5,420.0,4031.6,-491.5,309.5,4041.9,-219.8,521.5,20.0,0.9870843913997053,401.56762379276483,0.2438,0.0855,6.0498,3.9744
38,3942.0,-180.6,475.0,4259.0,-180.0,465.0,4081.7,-463.5,257.0,3942.5,-185.48,631.0,4318.1,-187.0,627.0,4099.5,-451.5,420.0,4031.6,-491.5,309.5,4041.9,-219.8,521.5,0.0,0.9870843913997053,401.56762379276483,0.0,0.0,6.2322,4.2105
39,3942.0,-180.6,475.0,4259.0,-180.0,465.0,4081.7,-463.5,257.0,3942.5,-185.48,631.0,4318.1,-187.0,627.0,4099.5,-451.5,420.0,4031.6,-491.5,309.5,4041.9,-219.8,521.5,-20.0,0.9870843913997053,401.56762379276483,-0.3464,-0.0336,6.4228,4.5546
40,3942.0,-180.6,475.0,4259.0,-180.0,465.0,4081.7,-463.5,257.0,3942.5,-185.48,631.0,4318.1,-187.0,627.0,4099.5,-451.5,420.0,4031.6,-491.5,309.5,4041.9,-219.8,521.5,-40.0,0.9870843913997053,401.56762379276483,-0.8577,0.0531,6.6253,5.0776
41,3942.0,-180.6,475.0,4259.0,-180.0,465.0,4081.7,-463.5,257.0,3942.5,-185.48,631.0,4318.1,-187.0,627.0,4099.5,-451.5,420.0,4031.6,-491.5,309.5,4041.9,-219.8,521.5,-60.0,0.9870843913997053,401.56762379276483,-1.6794,0.4794,6.8482,5.9525
42,3942.0,-180.6,475.0,4259.0,-180.0,465.0,4081.7,-463.5,257.0,3942.5,-185.48,631.0,4318.1,-187.0,627.0,4099.5,-451.5,420.0,4031.6,-491.5,310.0,4041.9,-219.8,522.5,200.0,0.986924894552244,401.5988934357353,0.5737,1.511,4.6082,3.7487
43,3942.0,-180.6,475.0,4259.0,-180.0,465.0,4081.7,-463.5,257.0,3942.5,-185.48,631.0,4318.1,-187.0,627.0,4099.5,-451.5,420.0,4031.6,-491.5,310.0,4041.9,-219.8,522.5,180.0,0.986924894552244,401.5988934357353,0.638,1.3606,4.7554,3.6764
44,3942.0,-180.6,475.0,4259.0,-180.0,465.0,4081.7,-463.5,257.0,3942.5,-185.48,631.0,4318.1,-187.0,627.0,4099.5,-451.5,420.0,4031.6,-491.5,310.0,4041.9,-219.8,522.5,160.0,0.986924894552244,401.5988934357353,0.6822,1.2068,4.9055,3.6233
45,3942.0,-180.6,475.0,4259.0,-180.0,465.0,4081.7,-463.5,257.0,3942.5,-185.48,631.0,4318.1,-187.0,627.0,4099.5,-451.5,420.0,4031.6,-491.5,310.0,4041.9,-219.8,522.5,140.0,0.986924894552244,401.5988934357353,0.7056,1.0503,5.0584,3.5901
46,3942.0,-180.6,475.0,4259.0,-180.0,465.0,4081.7,-463.5,257.0,3942.5,-185.48,631.0,4318.1,-187.0,627.0,4099.5,-451.5,420.0,4031.6,-491.5,310.0,4041.9,-219.8,522.5,120.0,0.986924894552244,401.5988934357353,0.7068,0.8919,5.2144,3.5782
47,3942.0,-180.6,475.0,4259.0,-180.0,465.0,4081.7,-463.5,257.0,3942.5,-185.48,631.0,4318.1,-187.0,627.0,4099.5,-451.5,420.0,4031.6,-491.5,310.0,4041.9,-219.8,522.5,100.0,0.986924894552244,401.5988934357353,0.6835,0.7325,5.3736,3.5899
48,3942.0,-180.6,475.0,4259.0,-180.0,465.0,4081.7,-463.5,257.0,3942.5,-185.48,631.0,4318.1,-187.0,627.0,4099.5,-451.5,420.0,4031.6,-491.5,310.0,4041.9,-219.8,522.5,80.0,0.986924894552244,401.5988934357353,0.6325,0.5731,5.5363,3.6286
49,3942.0,-180.6,475.0,4259.0,-180.0,465.0,4081.7,-463.5,257.0,3942.5,-185.48,631.0,4318.1,-187.0,627.0,4099.5,-451.5,420.0,4031.6,-491.5,310.0,4041.9,-219.8,522.5,60.0,0.986924894552244,401.5988934357353,0.5485,0.4155,5.7028,3.6996
50,3942.0,-180.6,475.0,4259.0,-180.0,465.0,4081.7,-463.5,257.0,3942.5,-185.48,631.0,4318.1,-187.0,627.0,4099.5,-451.5,420.0,4031.6,-491.5,310.0,4041.9,-219.8,522.5,40.0,0.986924894552244,401.5988934357353,0.4241,0.2627,5.8737,3.8107
51,3942.0,-180.6,475.0,4259.0,-180.0,465.0,4081.7,-463.5,257.0,3942.5,-185.48,631.0,4318.1,-187.0,627.0,4099.5,-451.5,420.0,4031.6,-491.5,310.0,4041.9,-219.8,522.5,20.0,0.986924894552244,401.5988934357353,0.2475,0.1204,6.0498,3.9743
52,3942.0,-180.6,475.0,4259.0,-180.0,465.0,4081.7,-463.5,257.0,3942.5,-185.48,631.0,4318.1,-187.0,627.0,4099.5,-451.5,420.0,4031.6,-491.5,310.0,4041.9,-219.8,522.5,0.0,0.986924894552244,401.5988934357353,0.0,0.0,6.2322,4.2105
53,3942.0,-180.6,475.0,4259.0,-180.0,465.0,4081.7,-463.5,257.0,3942.5,-185.48,631.0,4318.1,-187.0,627.0,4099.5,-451.5,420.0,4031.6,-491.5,310.0,4041.9,-219.8,522.5,-20.0,0.986924894552244,401.5988934357353,-0.351,-0.0729,6.4228,4.5548
54,3942.0,-180.6,475.0,4259.0,-180.0,465.0,4081.7,-463.5,257.0,3942.5,-185.48,631.0,4318.1,-187.0,627.0,4099.5,-451.5,420.0,4031.6,-491.5,310.0,4041.9,-219.8,522.5,-40.0,0.986924894552244,401.5988934357353,-0.8684,-0.0329,6.6255,5.0783
55,3942.0,-180.6,475.0,4259.0,-180.0,465.0,4081.7,-463.5,257.0,3942.5,-185.48,631.0,4318.1,-187.0,627.0,4099.5,-451.5,420.0,4031.6,-491.5,310.0,4041.9,-219.8,522.5,-60.0,0.986924894552244,401.5988934357353,-1.6995,0.3321,6.8487,5.9549
56,3942.0,-180.6,475.0,4259.0,-180.0,465.0,4081.7,-463.5,257.0,3942.5,-185.48,631.0,4318.1,-187.0,627.0,4099.5,-451.5,420.0,4033.6,-491.5,310.5,4041.9,-219.8,522.5,200.0,0.9877035604947451,401.5988934357353,0.5494,1.2129,4.6085,3.7485
57,3942.0,-180.6,475.0,4259.0,-180.0,465.0,4081.7,-463.5,257.0,3942.5,-185.48,631.0,4318.1,-187.0,627.0,4099.5,-451.5,420.0,4033.6,-491.5,310.5,4041.9,-219.8,522.5,180.0,0.9877035604947451,401.5988934357353,0.6155,1.0927,4.7558,3.6763
58,3942.0,-180.6,475.0,4259.0,-180.0,465.0,4081.7,-463.5,257.0,3942.5,-185.48,631.0,4318.1,-187.0,627.0,4099.5,-451.5,420.0,4033.6,-491.5,310.5,4041.9,-219.8,522.5,160.0,0.9877035604947451,401.5988934357353,0.6615,0.968,4.9058,3.6232
59,3942.0,-180.6,475.0,4259.0,-180.0,465.0,4081.7,-463.5,257.0,3942.5,-185.48,631.0,4318.1,-187.0,627.0,4099.5,-451.5,420.0,4033.6,-491.5,310.5,4041.9,-219.8,522.5,140.0,0.9877035604947451,401.5988934357353,0.6868,0.8399,5.0587,3.5901
60,3942.0,-180.6,475.0,4259.0,-180.0,465.0,4081.7,-463.5,257.0,3942.5,-185.48,631.0,4318.1,-187.0,627.0,4099.5,-451.5,420.0,4033.6,-491.5,310.5,4041.9,-219.8,522.5,120.0,0.9877035604947451,401.5988934357353,0.6899,0.7093,5.2147,3.5782
61,3942.0,-180.6,475.0,4259.0,-180.0,465.0,4081.7,-463.5,257.0,3942.5,-185.48,631.0,4318.1,-187.0,627.0,4099.5,-451.5,420.0,4033.6,-491.5,310.5,4041.9,-219.8,522.5,100.0,0.9877035604947451,401.5988934357353,0.6688,0.5776,5.3738,3.5899
62,3942.0,-180.6,475.0,4259.0,-180.0,465.0,4081.7,-463.5,257.0,3942.5,-185.48,631.0,4318.1,-187.0,627.0,4099.5,-451.5,420.0,4033.6,-491.5,310.5,4041.9,-219.8,522.5,80.0,0.9877035604947451,401.5988934357353,0.62,0.4461,5.5365,3.6286
63,3942.0,-180.6,475.0,4259.0,-180.0,465.0,4081.7,-463.5,257.0,3942.5,-185.48,631.0,4318.1,-187.0,627.0,4099.5,-451.5,420.0,4033.6,-491.5,310.5,4041.9,-219.8,522.5,60.0,0.9877035604947451,401.5988934357353,0.5386,0.3171,5.703,3.6996
64,3942.0,-180.6,475.0,4259.0,-180.0,465.0,4081.7,-463.5,257.0,3942.5,-185.48,631.0,4318.1,-187.0,627.0,4099.5,-451.5,420.0,4033.6,-491.5,310.5,4041.9,-219.8,522.5,40.0,0.9877035604947451,401.5988934357353,0.417,0.1943,5.8738,3.8108
65,3942.0,-180.6,475.0,4259.0,-180.0,465.0,4081.7,-463.5,257.0,3942.5,-185.48,631.0,4318.1,-187.0,627.0,4099.5,-451.5,420.0,4033.6,-491.5,310.5,4041.9,-219.8,522.5,20.0,0.9877035604947451,401.5988934357353,0.2436,0.0842,6.0498,3.9744
66,3942.0,-180.6,475.0,4259.0,-180.0,465.0,4081.7,-463.5,257.0,3942.5,-185.48,631.0,4318.1,-187.0,627.0,4099.5,-451.5,420.0,4033.6,-491.5,310.5,4041.9,-219.8,522.5,0.0,0.9877035604947451,401.5988934357353,0.0,0.0,6.2322,4.2105
67,3942.0,-180.6,475.0,4259.0,-180.0,465.0,4081.7,-463.5,257.0,3942.5,-185.48,631.0,4318.1,-187.0,627.0,4099.5,-451.5,420.0,4033.6,-491.5,310.5,4041.9,-219.8,522.5,-20.0,0.9877035604947451,401.5988934357353,-0.346,-0.0301,6.4227,4.5546
68,3942.0,-180.6,475.0,4259.0,-180.0,465.0,4081.7,-463.5,257.0,3942.5,-185.48,631.0,4318.1,-187.0,627.0,4099.5,-451.5,420.0,4033.6,-491.5,310.5,4041.9,-219.8,522.5,-40.0,0.9877035604947451,401.5988934357353,-0.8563,0.0649,6.6252,5.0775
69,3942.0,-180.6,475.0,4259.0,-180.0,465.0,4081.7,-463.5,257.0,3942.5,-185.48,631.0,4318.1,-187.0,627.0,4099.5,-451.5,420.0,4033.6,-491.5,310.5,4041.9,-219.8,522.5,-60.0,0.9877035604947451,401.5988934357353,-1.675,0.5113,6.8481,5.952
70,3942.0,-180.6,475.0,4259.0,-180.0,465.0,4081.7,-463.5,257.0,3942.5,-185.48,631.0,4318.1,-187.0,627.0,4099.5,-451.5,420.0,4033.6,-491.5,311.5,4041.9,-218.8,522.5,200.0,0.9881256420556506,400.59938286065864,0.4798,0.352,4.6096,3.7479
71,3942.0,-180.6,475.0,4259.0,-180.0,465.0,4081.7,-463.5,257.0,3942.5,-185.48,631.0,4318.1,-187.0,627.0,4099.5,-451.5,420.0,4033.6,-491.5,311.5,4041.9,-218.8,522.5,180.0,0.9881256420556506,400.59938286065864,0.5487,0.2931,4.7568,3.6758
72,3942.0,-180.6,475.0,4259.0,-180.0,465.0,4081.7,-463.5,257.0,3942.5,-185.48,631.0,4318.1,-187.0,627.0,4099.5,-451.5,420.0,4033.6,-491.5,311.5,4041.9,-218.8,522.5,160.0,0.9881256420556506,400.59938286065864,0.5981,0.2321,4.9068,3.6229
73,3942.0,-180.6,475.0,4259.0,-180.0,465.0,4081.7,-463.5,257.0,3942.5,-185.48,631.0,4318.1,-187.0,627.0,4099.5,-451.5,420.0,4033.6,-491.5,311.5,4041.9,-218.8,522.5,140.0,0.9881256420556506,400.59938286065864,0.6273,0.1707,5.0597,3.5899
74,3942.0,-180.6,475.0,4259.0,-180.0,465.0,4081.7,-463.5,257.0,3942.5,-185.48,631.0,4318.1,-187.0,627.0,4099.5,-451.5,420.0,4033.6,-491.5,311.5,4041.9,-218.8,522.5,120.0,0.9881256420556506,400.59938286065864,0.635,0.1108,5.2155,3.5782
75,3942.0,-180.6,475.0,4259.0,-180.0,465.0,4081.7,-463.5,257.0,3942.5,-185.48,631.0,4318.1,-187.0,627.0,4099.5,-451.5,420.0,4033.6,-491.5,311.5,4041.9,-218.8,522.5,100.0,0.9881256420556506,400.59938286065864,0.6193,0.0546,5.3746,3.59
76,3942.0,-180.6,475.0,4259.0,-180.0,465.0,4081.7,-463.5,257.0,3942.5,-185.48,631.0,4318.1,-187.0,627.0,4099.5,-451.5,420.0,4033.6,-491.5,311.5,4041.9,-218.8,522.5,80.0,0.9881256420556506,400.59938286065864,0.5769,0.0049,5.5372,3.6289
77,3942.0,-180.6,475.0,4259.0,-180.0,465.0,4081.7,-463.5,257.0,3942.5,-185.48,631.0,4318.1,-187.0,627.0,4099.5,-451.5,420.0,4033.6,-491.5,311.5,4041.9,-218.8,522.5,60.0,0.9881256420556506,400.59938286065864,0.5031,-0.0343,5.7036,3.7
78,3942.0,-180.6,475.0,4259.0,-180.0,465.0,4081.7,-463.5,257.0,3942.5,-185.48,631.0,4318.1,-187.0,627.0,4099.5,-451.5,420.0,4033.6,-491.5,311.5,4041.9,-218.8,522.5,40.0,0.9881256420556506,400.59938286065864,0.3908,-0.0566,5.8743,3.8112
79,3942.0,-180.6,475.0,4259.0,-180.0,465.0,4081.7,-463.5,257.0,3942.5,-185.48,631.0,4318.1,-187.0,627.0,4099.5,-451.5,420.0,4033.6,-491.5,311.5,4041.9,-218.8,522.5,20.0,0.9881256420556506,400.59938286065864,0.2289,-0.0516,6.0501,3.9747
80,3942.0,-180.6,475.0,4259.0,-180.0,465.0,4081.7,-463.5,257.0,3942.5,-185.48,631.0,4318.1,-187.0,627.0,4099.5,-451.5,420.0,4033.6,-491.5,311.5,4041.9,-218.8,522.5,0.0,0.9881256420556506,400.59938286065864,0.0,0.0,6.2322,4.2105
81,3942.0,-180.6,475.0,4259.0,-180.0,465.0,4081.7,-463.5,257.0,3942.5,-185.48,631.0,4318.1,-187.0,627.0,4099.5,-451.5,420.0,4033.6,-491.5,311.5,4041.9,-218.8,522.5,-20.0,0.9881256420556506,400.59938286065864,-0.3264,0.1369,6.4224,4.5538
82,3942.0,-180.6,475.0,4259.0,-180.0,465.0,4081.7,-463.5,257.0,3942.5,-185.48,631.0,4318.1,-187.0,627.0,4099.5,-451.5,420.0,4033.6,-491.5,311.5,4041.9,-218.8,522.5,-40.0,0.9881256420556506,400.59938286065864,-0.8083,0.45,6.6242,5.0743
83,3942.0,-180.6,475.0,4259.0,-180.0,465.0,4081.7,-463.5,257.0,3942.5,-185.48,631.0,4318.1,-187.0,627.0,4099.5,-451.5,420.0,4033.6,-491.5,311.5,4041.9,-218.8,522.5,-60.0,0.9881256420556506,400.59938286065864,-1.5791,1.2109,6.8458,5.9408
84,3938.95,-180.37,485.07,4258.87,-180.38,448.09,4081.92,-464.93,262.12,3994.32,-185.39,637.21,4312.1,-185.41,607.15,4098.37,-453.93,427.17,4031.55,-469.76,325.24,4000.76,-187.14,536.37,200.0,0.8139451534956176,369.17447416058315,0.0006,1.3123,4.249,3.9023
85,3938.95,-180.37,485.07,4258.87,-180.38,448.09,4081.92,-464.93,262.12,3994.32,-185.39,637.21,4312.1,-185.41,607.15,4098.37,-453.93,427.17,4031.55,-469.76,325.24,4000.76,-187.14,536.37,180.0,0.8139451534956176,369.17447416058315,0.0871,1.045,4.3923,3.7989
86,3938.95,-180.37,485.07,4258.87,-180.38,448.09,4081.92,-464.93,262.12,3994.32,-185.39,637.21,4312.1,-185.41,607.15,4098.37,-453.93,427.17,4031.55,-469.76,325.24,4000.76,-187.14,536.37,160.0,0.8139451534956176,369.17447416058315,0.1576,0.8051,4.5357,3.7125
87,3938.95,-180.37,485.07,4258.87,-180.38,448.09,4081.92,-464.93,262.12,3994.32,-185.39,637.21,4312.1,-185.41,607.15,4098.37,-453.93,427.17,4031.55,-469.76,325.24,4000.76,-187.14,536.37,140.0,0.8139451534956176,369.17447416058315,0.212,0.592,4.6794,3.6432
88,3938.95,-180.37,485.07,4258.87,-180.38,448.09,4081.92,-464.93,262.12,3994.32,-185.39,637.21,4312.1,-185.41,607.15,4098.37,-453.93,427.17,4031.55,-469.76,325.24,4000.76,-187.14,536.37,120.0,0.8139451534956176,369.17447416058315,0.2501,0.4058,4.8232,3.5916
89,3938.95,-180.37,485.07,4258.87,-180.38,448.09,4081.92,-464.93,262.12,3994.32,-185.39,637.21,4312.1,-185.41,607.15,4098.37,-453.93,427.17,4031.55,-469.76,325.24,4000.76,-187.14,536.37,100.0,0.8139451534956176,369.17447416058315,0.2708,0.2474,4.9673,3.559
90,3938.95,-180.37,485.07,4258.87,-180.38,448.09,4081.92,-464.93,262.12,3994.32,-185.39,637.21,4312.1,-185.41,607.15,4098.37,-453.93,427.17,4031.55,-469.76,325.24,4000.76,-187.14,536.37,80.0,0.8139451534956176,369.17447416058315,0.2722,0.1186,5.1116,3.5475
91,3938.95,-180.37,485.07,4258.87,-180.38,448.09,4081.92,-464.93,262.12,3994.32,-185.39,637.21,4312.1,-185.41,607.15,4098.37,-453.93,427.17,4031.55,-469.76,325.24,4000.76,-187.14,536.37,60.0,0.8139451534956176,369.17447416058315,0.2517,0.0226,5.2562,3.5603
92,3938.95,-180.37,485.07,4258.87,-180.38,448.09,4081.92,-464.93,262.12,3994.32,-185.39,637.21,4312.1,-185.41,607.15,4098.37,-453.93,427.17,4031.55,-469.76,325.24,4000.76,-187.14,536.37,40.0,0.8139451534956176,369.17447416058315,0.2047,-0.0357,5.4012,3.6027
93,3938.95,-180.37,485.07,4258.87,-180.38,448.09,4081.92,-464.93,262.12,3994.32,-185.39,637.21,4312.1,-185.41,607.15,4098.37,-453.93,427.17,4031.55,-469.76,325.24,4000.76,-187.14,536.37,20.0,0.8139451534956176,369.17447416058315,0.1245,-0.0478,5.5468,3.6826
94,3938.95,-180.37,485.07,4258.87,-180.38,448.09,4081.92,-464.93,262.12,3994.32,-185.39,637.21,4312.1,-185.41,607.15,4098.37,-453.93,427.17,4031.55,-469.76,325.24,4000.76,-187.14,536.37,0.0,0.8139451534956176,369.17447416058315,0.0,0.0,5.693,3.8127
95,3938.95,-180.37,485.07,4258.87,-180.38,448.09,4081.92,-464.93,262.12,3994.32,-185.39,637.21,4312.1,-185.41,607.15,4098.37,-453.93,427.17,4031.55,-469.76,325.24,4000.76,-187.14,536.37,-20.0,0.8139451534956176,369.17447416058315,-0.1874,0.1323,5.8402,4.0147
96,3938.95,-180.37,485.07,4258.87,-180.38,448.09,4081.92,-464.93,262.12,3994.32,-185.39,637.21,4312.1,-185.41,607.15,4098.37,-453.93,427.17,4031.55,-469.76,325.24,4000.76,-187.14,536.37,-40.0,0.8139451534956176,369.17447416058315,-0.4724,0.3972,5.989,4.3289
97,3938.95,-180.37,485.07,4258.87,-180.38,448.09,4081.92,-464.93,262.12,3994.32,-185.39,637.21,4312.1,-185.41,607.15,4098.37,-453.93,427.17,4031.55,-469.76,325.24,4000.76,-187.14,536.37,-60.0,0.8139451534956176,369.17447416058315,-0.929,0.9053,6.1407,4.8426
98,3937.67,-180.0,485.0,4259.0,-180.0,455.0,4082.0,-464.5,262.68,3999.0,-185.0,636.68,4312.0,-185.0,606.68,4098.5,-453.5,430.68,4031.5,-470.45,324.36,4003.73,-187.95,535.36,200.0,0.9604466170514601,369.55757439502685,-1.2334,1.6313,5.7759,5.1473
99,3937.67,-180.0,485.0,4259.0,-180.0,455.0,4082.0,-464.5,262.68,3999.0,-185.0,636.68,4312.0,-185.0,606.68,4098.5,-453.5,430.68,4031.5,-470.45,324.36,4003.73,-187.95,535.36,180.0,0.9604466170514601,369.55757439502685,-1.0313,1.4302,5.7593,4.9239
100,3937.67,-180.0,485.0,4259.0,-180.0,455.0,4082.0,-464.5,262.68,3999.0,-185.0,636.68,4312.0,-185.0,606.68,4098.5,-453.5,430.68,4031.5,-470.45,324.36,4003.73,-187.95,535.36,160.0,0.9604466170514601,369.55757439502685,-0.8464,1.238,5.7427,4.7188
101,3937.67,-180.0,485.0,4259.0,-180.0,455.0,4082.0,-464.5,262.68,3999.0,-185.0,636.68,4312.0,-185.0,606.68,4098.5,-453.5,430.68,4031.5,-470.45,324.36,4003.73,-187.95,535.36,140.0,0.9604466170514601,369.55757439502685,-0.6777,1.0538,5.7261,4.5309
102,3937.67,-180.0,485.0,4259.0,-180.0,455.0,4082.0,-464.5,262.68,3999.0,-185.0,636.68,4312.0,-185.0,606.68,4098.5,-453.5,430.68,4031.5,-470.45,324.36,4003.73,-187.95,535.36,120.0,0.9604466170514601,369.55757439502685,-0.525,0.8772,5.7094,4.3599
103,3937.67,-180.0,485.0,4259.0,-180.0,455.0,4082.0,-464.5,262.68,3999.0,-185.0,636.68,4312.0,-185.0,606.68,4098.5,-453.5,430.68,4031.5,-470.45,324.36,4003.73,-187.95,535.36,100.0,0.9604466170514601,369.55757439502685,-0.3882,0.7082,5.6928,4.2058
104,3937.67,-180.0,485.0,4259.0,-180.0,455.0,4082.0,-464.5,262.68,3999.0,-185.0,636.68,4312.0,-185.0,606.68,4098.5,-453.5,430.68,4031.5,-470.45,324.36,4003.73,-187.95,535.36,80.0,0.9604466170514601,369.55757439502685,-0.268,0.5466,5.6762,4.0691
105,3937.67,-180.0,485.0,4259.0,-180.0,455.0,4082.0,-464.5,262.68,3999.0,-185.0,636.68,4312.0,-185.0,606.68,4098.5,-453.5,430.68,4031.5,-470.45,324.36,4003.73,-187.95,535.36,60.0,0.9604466170514601,369.55757439502685,-0.1658,0.3932,5.6595,3.9514
106,3937.67,-180.0,485.0,4259.0,-180.0,455.0,4082.0,-464.5,262.68,3999.0,-185.0,636.68,4312.0,-185.0,606.68,4098.5,-453.5,430.68,4031.5,-470.45,324.36,4003.73,-187.95,535.36,40.0,0.9604466170514601,369.55757439502685,-0.0839,0.2491,5.6428,3.855
107,3937.67,-180.0,485.0,4259.0,-180.0,455.0,4082.0,-464.5,262.68,3999.0,-185.0,636.68,4312.0,-185.0,606.68,4098.5,-453.5,430.68,4031.5,-470.45,324.36,4003.73,-187.95,535.36,20.0,0.9604466170514601,369.55757439502685,-0.0265,0.1166,5.6261,3.7842
108,3937.67,-180.0,485.0,4259.0,-180.0,455.0,4082.0,-464.5,262.68,3999.0,-185.0,636.68,4312.0,-185.0,606.68,4098.5,-453.5,430.68,4031.5,-470.45,324.36,4003.73,-187.95,535.36,0.0,0.9604466170514601,369.55757439502685,0.0,0.0,5.6093,3.7462
109,3937.67,-180.0,485.0,4259.0,-180.0,455.0,4082.0,-464.5,262.68,3999.0,-185.0,636.68,4312.0,-185.0,606.68,4098.5,-453.5,430.68,4031.5,-470.45,324.36,4003.73,-187.95,535.36,-20.0,0.9604466170514601,369.55757439502685,-0.0159,-0.0928,5.5925,3.7529
110,3937.67,-180.0,485.0,4259.0,-180.0,455.0,4082.0,-464.5,262.68,3999.0,-185.0,636.68,4312.0,-185.0,606.68,4098.5,-453.5,430.68,4031.5,-470.45,324.36,4003.73,-187.95,535.36,-40.0,0.9604466170514601,369.55757439502685,-0.095,-0.1454,5.5755,3.8268
111,3937.67,-180.0,485.0,4259.0,-180.0,455.0,4082.0,-464.5,262.68,3999.0,-185.0,636.68,4312.0,-185.0,606.68,4098.5,-453.5,430.68,4031.5,-470.45,324.36,4003.73,-187.95,535.36,-60.0,0.9604466170514601,369.55757439502685,-0.2798,-0.1204,5.5585,4.014
112,3939.0,-180.0,485.0,4259.0,-180.0,455.0,4083.0,-464.5,253.0,4072.5,-186.0,630.0,4312.0,-185.0,601.0,4098.5,-453.5,420.0,4034.5,-490.5,311.0,4050.9,-208.0,522.0,200.0,0.996090723759934,389.5240159885101,-1.4212,-1.6614,7.2331,4.9952
113,3939.0,-180.0,485.0,4259.0,-180.0,455.0,4083.0,-464.5,253.0,4072.5,-186.0,630.0,4312.0,-185.0,601.0,4098.5,-453.5,420.0,4034.5,-490.5,311.0,4050.9,-208.0,522.0,180.0,0.996090723759934,389.5240159885101,-1.1829,-1.4627,7.0501,4.7848
114,3939.0,-180.0,485.0,4259.0,-180.0,455.0,4083.0,-464.5,253.0,4072.5,-186.0,630.0,4312.0,-185.0,601.0,4098.5,-453.5,420.0,4034.5,-490.5,311.0,4050.9,-208.0,522.0,160.0,0.996090723759934,389.5240159885101,-0.9653,-1.2794,6.8652,4.592
115,3939.0,-180.0,485.0,4259.0,-180.0,455.0,4083.0,-464.5,253.0,4072.5,-186.0,630.0,4312.0,-185.0,601.0,4098.5,-453.5,420.0,4034.5,-490.5,311.0,4050.9,-208.0,522.0,140.0,0.996090723759934,389.5240159885101,-0.7675,-1.1094,6.6782,4.4165
116,3939.0,-180.0,485.0,4259.0,-180.0,455.0,4083.0,-464.5,253.0,4072.5,-186.0,630.0,4312.0,-185.0,601.0,4098.5,-453.5,420.0,4034.5,-490.5,311.0,4050.9,-208.0,522.0,120.0,0.996090723759934,389.5240159885101,-0.5891,-0.9504,6.4892,4.2583
117,3939.0,-180.0,485.0,4259.0,-180.0,455.0,4083.0,-464.5,253.0,4072.5,-186.0,630.0,4312.0,-185.0,601.0,4098.5,-453.5,420.0,4034.5,-490.5,311.0,4050.9,-208.0,522.0,100.0,0.996090723759934,389.5240159885101,-0.4304,-0.7998,6.2981,4.1177
118,3939.0,-180.0,485.0,4259.0,-180.0,455.0,4083.0,-464.5,253.0,4072.5,-186.0,630.0,4312.0,-185.0,601.0,4098.5,-453.5,420.0,4034.5,-490.5,311.0,4050.9,-208.0,522.0,80.0,0.996090723759934,389.5240159885101,-0.292,-0.6545,6.1047,3.9961
119,3939.0,-180.0,485.0,4259.0,-180.0,455.0,4083.0,-464.5,253.0,4072.5,-186.0,630.0,4312.0,-185.0,601.0,4098.5,-453.5,420.0,4034.5,-490.5,311.0,4050.9,-208.0,522.0,60.0,0.996090723759934,389.5240159885101,-0.1757,-0.51,5.9088,3.8955
120,3939.0,-180.0,485.0,4259.0,-180.0,455.0,4083.0,-464.5,253.0,4072.5,-186.0,630.0,4312.0,-185.0,601.0,4098.5,-453.5,420.0,4034.5,-490.5,311.0,4050.9,-208.0,522.0,40.0,0.996090723759934,389.5240159885101,-0.0845,-0.3603,5.7101,3.8197
121,3939.0,-180.0,485.0,4259.0,-180.0,455.0,4083.0,-464.5,253.0,4072.5,-186.0,630.0,4312.0,-185.0,601.0,4098.5,-453.5,420.0,4034.5,-490.5,311.0,4050.9,-208.0,522.0,20.0,0.996090723759934,389.5240159885101,-0.0232,-0.1957,5.5082,3.7742
122,3939.0,-180.0,485.0,4259.0,-180.0,455.0,4083.0,-464.5,253.0,4072.5,-186.0,630.0,4312.0,-185.0,601.0,4098.5,-453.5,420.0,4034.5,-490.5,311.0,4050.9,-208.0,522.0,0.0,0.996090723759934,389.5240159885101,0.0,0.0,5.3027,3.7685
123,3939.0,-180.0,485.0,4259.0,-180.0,455.0,4083.0,-464.5,253.0,4072.5,-186.0,630.0,4312.0,-185.0,601.0,4098.5,-453.5,420.0,4034.5,-490.5,311.0,4050.9,-208.0,522.0,-20.0,0.996090723759934,389.5240159885101,-0.0288,0.2565,5.0925,3.819
124,3939.0,-180.0,485.0,4259.0,-180.0,455.0,4083.0,-464.5,253.0,4072.5,-186.0,630.0,4312.0,-185.0,601.0,4098.5,-453.5,420.0,4034.5,-490.5,311.0,4050.9,-208.0,522.0,-40.0,0.996090723759934,389.5240159885101,-0.1357,0.6353,4.8762,3.9562
125,3939.0,-180.0,485.0,4259.0,-180.0,455.0,4083.0,-464.5,253.0,4072.5,-186.0,630.0,4312.0,-185.0,601.0,4098.5,-453.5,420.0,4034.5,-490.5,311.0,4050.9,-208.0,522.0,-60.0,0.996090723759934,389.5240159885101,-0.3751,1.2867,4.6509,4.2456
126,3942.0,-180.6,475.0,4259.0,-180.0,465.0,4081.7,-463.5,257.0,3942.5,-185.48,631.0,4318.1,-187.0,627.0,4099.5,-451.5,420.0,4031.6,-491.5,309.0,4041.8,-216.8,518.5,200.0,0.9884332535502187,398.4753736780286,0.3773,-0.9347,4.6111,3.7471
127,3942.0,-180.6,475.0,4259.0,-180.0,465.0,4081.7,-463.5,257.0,3942.5,-185.48,631.0,4318.1,-187.0,627.0,4099.5,-451.5,420.0,4031.6,-491.5,309.0,4041.8,-216.8,518.5,180.0,0.9884332535502187,398.4753736780286,0.4501,-0.9039,4.7583,3.6752
128,3942.0,-180.6,475.0,4259.0,-180.0,465.0,4081.7,-463.5,257.0,3942.5,-185.48,631.0,4318.1,-187.0,627.0,4099.5,-451.5,420.0,4031.6,-491.5,309.0,4041.8,-216.8,518.5,160.0,0.9884332535502187,398.4753736780286,0.5041,-0.871,4.9082,3.6225
129,3942.0,-180.6,475.0,4259.0,-180.0,465.0,4081.7,-463.5,257.0,3942.5,-185.48,631.0,4318.1,-187.0,627.0,4099.5,-451.5,420.0,4031.6,-491.5,309.0,4041.8,-216.8,518.5,140.0,0.9884332535502187,398.4753736780286,0.5389,-0.8334,5.061,3.5897
130,3942.0,-180.6,475.0,4259.0,-180.0,465.0,4081.7,-463.5,257.0,3942.5,-185.48,631.0,4318.1,-187.0,627.0,4099.5,-451.5,420.0,4031.6,-491.5,309.0,4041.8,-216.8,518.5,120.0,0.9884332535502187,398.4753736780286,0.5532,-0.788,5.2168,3.5782
131,3942.0,-180.6,475.0,4259.0,-180.0,465.0,4081.7,-463.5,257.0,3942.5,-185.48,631.0,4318.1,-187.0,627.0,4099.5,-451.5,420.0,4031.6,-491.5,309.0,4041.8,-216.8,518.5,100.0,0.9884332535502187,398.4753736780286,0.5454,-0.7312,5.3758,3.5902
132,3942.0,-180.6,475.0,4259.0,-180.0,465.0,4081.7,-463.5,257.0,3942.5,-185.48,631.0,4318.1,-187.0,627.0,4099.5,-451.5,420.0,4031.6,-491.5,309.0,4041.8,-216.8,518.5,80.0,0.9884332535502187,398.4753736780286,0.5125,-0.6582,5.5383,3.6292
133,3942.0,-180.6,475.0,4259.0,-180.0,465.0,4081.7,-463.5,257.0,3942.5,-185.48,631.0,4318.1,-187.0,627.0,4099.5,-451.5,420.0,4031.6,-491.5,309.0,4041.8,-216.8,518.5,60.0,0.9884332535502187,398.4753736780286,0.45,-0.5621,5.7045,3.7004
134,3942.0,-180.6,475.0,4259.0,-180.0,465.0,4081.7,-463.5,257.0,3942.5,-185.48,631.0,4318.1,-187.0,627.0,4099.5,-451.5,420.0,4031.6,-491.5,309.0,4041.8,-216.8,518.5,40.0,0.9884332535502187,398.4753736780286,0.3516,-0.4331,5.875,3.8117
135,3942.0,-180.6,475.0,4259.0,-180.0,465.0,4081.7,-463.5,257.0,3942.5,-185.48,631.0,4318.1,-187.0,627.0,4099.5,-451.5,420.0,4031.6,-491.5,309.0,4041.8,-216.8,518.5,20.0,0.9884332535502187,398.4753736780286,0.207,-0.2549,6.0505,3.9751
136,3942.0,-180.6,475.0,4259.0,-180.0,465.0,4081.7,-463.5,257.0,3942.5,-185.48,631.0,4318.1,-187.0,627.0,4099.5,-451.5,420.0,4031.6,-491.5,309.0,4041.8,-216.8,518.5,0.0,0.9884332535502187,398.4753736780286,0.0,0.0,6.2322,4.2105
137,3942.0,-180.6,475.0,4259.0,-180.0,465.0,4081.7,-463.5,257.0,3942.5,-185.48,631.0,4318.1,-187.0,627.0,4099.5,-451.5,420.0,4031.6,-491.5,309.0,4041.8,-216.8,518.5,-20.0,0.9884332535502187,398.4753736780286,-0.2971,0.3849,6.4218,4.5526
138,3942.0,-180.6,475.0,4259.0,-180.0,465.0,4081.7,-463.5,257.0,3942.5,-185.48,631.0,4318.1,-187.0,627.0,4099.5,-451.5,420.0,4031.6,-491.5,309.0,4041.8,-216.8,518.5,-40.0,0.9884332535502187,398.4753736780286,-0.7372,1.0174,6.6227,5.0697
139,3942.0,-180.6,475.0,4259.0,-180.0,465.0,4081.7,-463.5,257.0,3942.5,-185.48,631.0,4318.1,-187.0,627.0,4099.5,-451.5,420.0,4031.6,-491.5,309.0,4041.8,-216.8,518.5,-60.0,0.9884332535502187,398.4753736780286,-1.4387,2.224,6.8425,5.9247
140,3942.0,-180.6,475.0,4259.0,-180.0,465.0,4081.7,-463.5,257.0,3942.5,-185.48,631.0,4318.1,-187.0,627.0,4099.5,-451.5,420.0,4031.6,-491.5,310.0,4041.6,-216.8,517.5,200.0,0.9889523541922747,398.44428511386906,0.2843,-2.1218,4.6125,3.7463
141,3942.0,-180.6,475.0,4259.0,-180.0,465.0,4081.7,-463.5,257.0,3942.5,-185.48,631.0,4318.1,-187.0,627.0,4099.5,-451.5,420.0,4031.6,-491.5,310.0,4041.6,-216.8,517.5,180.0,0.9889523541922747,398.44428511386906,0.3627,-1.9812,4.7596,3.6747
142,3942.0,-180.6,475.0,4259.0,-180.0,465.0,4081.7,-463.5,257.0,3942.5,-185.48,631.0,4318.1,-187.0,627.0,4099.5,-451.5,420.0,4031.6,-491.5,310.0,4041.6,-216.8,517.5,160.0,0.9889523541922747,398.44428511386906,0.4227,-1.8398,4.9095,3.6222
143,3942.0,-180.6,475.0,4259.0,-180.0,465.0,4081.7,-463.5,257.0,3942.5,-185.48,631.0,4318.1,-187.0,627.0,4099.5,-451.5,420.0,4031.6,-491.5,310.0,4041.6,-216.8,517.5,140.0,0.9889523541922747,398.44428511386906,0.464,-1.6939,5.0622,3.5895
144,3942.0,-180.6,475.0,4259.0,-180.0,465.0,4081.7,-463.5,257.0,3942.5,-185.48,631.0,4318.1,-187.0,627.0,4099.5,-451.5,420.0,4031.6,-491.5,310.0,4041.6,-216.8,517.5,120.0,0.9889523541922747,398.44428511386906,0.4855,-1.5397,5.2179,3.5782
145,3942.0,-180.6,475.0,4259.0,-180.0,465.0,4081.7,-463.5,257.0,3942.5,-185.48,631.0,4318.1,-187.0,627.0,4099.5,-451.5,420.0,4031.6,-491.5,310.0,4041.6,-216.8,517.5,100.0,0.9889523541922747,398.44428511386906,0.4856,-1.3723,5.3768,3.5903
146,3942.0,-180.6,475.0,4259.0,-180.0,465.0,4081.7,-463.5,257.0,3942.5,-185.48,631.0,4318.1,-187.0,627.0,4099.5,-451.5,420.0,4031.6,-491.5,310.0,4041.6,-216.8,517.5,80.0,0.9889523541922747,398.44428511386906,0.4615,-1.1857,5.5391,3.6295
147,3942.0,-180.6,475.0,4259.0,-180.0,465.0,4081.7,-463.5,257.0,3942.5,-185.48,631.0,4318.1,-187.0,627.0,4099.5,-451.5,420.0,4031.6,-491.5,310.0,4041.6,-216.8,517.5,60.0,0.9889523541922747,398.44428511386906,0.4091,-0.9714,5.7052,3.7008
148,3942.0,-180.6,475.0,4259.0,-180.0,465.0,4081.7,-463.5,257.0,3942.5,-185.48,631.0,4318.1,-187.0,627.0,4099.5,-451.5,420.0,4031.6,-491.5,310.0,4041.6,-216.8,517.5,40.0,0.9889523541922747,398.44428511386906,0.3221,-0.7174,5.8755,3.8121
149,3942.0,-180.6,475.0,4259.0,-180.0,465.0,4081.7,-463.5,257.0,3942.5,-185.48,631.0,4318.1,-187.0,627.0,4099.5,-451.5,420.0,4031.6,-491.5,310.0,4041.6,-216.8,517.5,20.0,0.9889523541922747,398.44428511386906,0.1909,-0.4044,6.0508,3.9754
150,3942.0,-180.6,475.0,4259.0,-180.0,465.0,4081.7,-463.5,257.0,3942.5,-185.48,631.0,4318.1,-187.0,627.0,4099.5,-451.5,420.0,4031.6,-491.5,310.0,4041.6,-216.8,517.5,0.0,0.9889523541922747,398.44428511386906,0.0,0.0,6.2322,4.2105
151,3942.0,-180.6,475.0,4259.0,-180.0,465.0,4081.7,-463.5,257.0,3942.5,-185.48,631.0,4318.1,-187.0,627.0,4099.5,-451.5,420.0,4031.6,-491.5,310.0,4041.6,-216.8,517.5,-20.0,0.9889523541922747,398.44428511386906,-0.2769,0.5567,6.4214,4.5517
152,3942.0,-180.6,475.0,4259.0,-180.0,465.0,4081.7,-463.5,257.0,3942.5,-185.48,631.0,4318.1,-187.0,627.0,4099.5,-451.5,420.0,4031.6,-491.5,310.0,4041.6,-216.8,517.5,-40.0,0.9889523541922747,398.44428511386906,-0.6894,1.3971,6.6217,5.0665
153,3942.0,-180.6,475.0,4259.0,-180.0,465.0,4081.7,-463.5,257.0,3942.5,-185.48,631.0,4318.1,-187.0,627.0,4099.5,-451.5,420.0,4031.6,-491.5,310.0,4041.6,-216.8,517.5,-60.0,0.9889523541922747,398.44428511386906,-1.3475,2.8763,6.8404,5.9143
154,3942.0,-180.6,475.0,4259.0,-180.0,465.0,4081.7,-463.5,257.0,3942.5,-185.48,631.0,4318.1,-187.0,627.0,4099.5,-451.5,420.0,4033.6,-491.5,311.5,4041.9,-218.8,517.5,200.0,0.989394730645542,400.443034645806,0.2389,-2.7093,4.6132,3.7459
155,3942.0,-180.6,475.0,4259.0,-180.0,465.0,4081.7,-463.5,257.0,3942.5,-185.48,631.0,4318.1,-187.0,627.0,4099.5,-451.5,420.0,4033.6,-491.5,311.5,4041.9,-218.8,517.5,180.0,0.989394730645542,400.443034645806,0.3227,-2.4799,4.7602,3.6744
156,3942.0,-180.6,475.0,4259.0,-180.0,465.0,4081.7,-463.5,257.0,3942.5,-185.48,631.0,4318.1,-187.0,627.0,4099.5,-451.5,420.0,4033.6,-491.5,311.5,4041.9,-218.8,517.5,160.0,0.989394730645542,400.443034645806,0.388,-2.2566,4.91,3.622
157,3942.0,-180.6,475.0,4259.0,-180.0,465.0,4081.7,-463.5,257.0,3942.5,-185.48,631.0,4318.1,-187.0,627.0,4099.5,-451.5,420.0,4033.6,-491.5,311.5,4041.9,-218.8,517.5,140.0,0.989394730645542,400.443034645806,0.4345,-2.0354,5.0627,3.5895
158,3942.0,-180.6,475.0,4259.0,-180.0,465.0,4081.7,-463.5,257.0,3942.5,-185.48,631.0,4318.1,-187.0,627.0,4099.5,-451.5,420.0,4033.6,-491.5,311.5,4041.9,-218.8,517.5,120.0,0.989394730645542,400.443034645806,0.4611,-1.812,5.2183,3.5782
159,3942.0,-180.6,475.0,4259.0,-180.0,465.0,4081.7,-463.5,257.0,3942.5,-185.48,631.0,4318.1,-187.0,627.0,4099.5,-451.5,420.0,4033.6,-491.5,311.5,4041.9,-218.8,517.5,100.0,0.989394730645542,400.443034645806,0.4662,-1.5817,5.3771,3.5904
160,3942.0,-180.6,475.0,4259.0,-180.0,465.0,4081.7,-463.5,257.0,3942.5,-185.48,631.0,4318.1,-187.0,627.0,4099.5,-451.5,420.0,4033.6,-491.5,311.5,4041.9,-218.8,517.5,80.0,0.989394730645542,400.443034645806,0.4469,-1.3384,5.5394,3.6296
161,3942.0,-180.6,475.0,4259.0,-180.0,465.0,4081.7,-463.5,257.0,3942.5,-185.48,631.0,4318.1,-187.0,627.0,4099.5,-451.5,420.0,4033.6,-491.5,311.5,4041.9,-218.8,517.5,60.0,0.989394730645542,400.443034645806,0.3989,-1.074,5.7053,3.7009
162,3942.0,-180.6,475.0,4259.0,-180.0,465.0,4081.7,-463.5,257.0,3942.5,-185.48,631.0,4318.1,-187.0,627.0,4099.5,-451.5,420.0,4033.6,-491.5,311.5,4041.9,-218.8,517.5,40.0,0.989394730645542,400.443034645806,0.3159,-0.7769,5.8756,3.8122
163,3942.0,-180.6,475.0,4259.0,-180.0,465.0,4081.7,-463.5,257.0,3942.5,-185.48,631.0,4318.1,-187.0,627.0,4099.5,-451.5,420.0,4033.6,-491.5,311.5,4041.9,-218.8,517.5,20.0,0.989394730645542,400.443034645806,0.1882,-0.4291,6.0508,3.9755
164,3942.0,-180.6,475.0,4259.0,-180.0,465.0,4081.7,-463.5,257.0,3942.5,-185.48,631.0,4318.1,-187.0,627.0,4099.5,-451.5,420.0,4033.6,-491.5,311.5,4041.9,-218.8,517.5,0.0,0.989394730645542,400.443034645806,0.0,0.0,6.2322,4.2105
165,3942.0,-180.6,475.0,4259.0,-180.0,465.0,4081.7,-463.5,257.0,3942.5,-185.48,631.0,4318.1,-187.0,627.0,4099.5,-451.5,420.0,4033.6,-491.5,311.5,4041.9,-218.8,517.5,-20.0,0.989394730645542,400.443034645806,-0.2755,0.5681,6.4214,4.5517
166,3942.0,-180.6,475.0,4259.0,-180.0,465.0,4081.7,-463.5,257.0,3942.5,-185.48,631.0,4318.1,-187.0,627.0,4099.5,-451.5,420.0,4033.6,-491.5,311.5,4041.9,-218.8,517.5,-40.0,0.989394730645542,400.443034645806,-0.6889,1.4009,6.6217,5.0665
167,3942.0,-180.6,475.0,4259.0,-180.0,465.0,4081.7,-463.5,257.0,3942.5,-185.48,631.0,4318.1,-187.0,627.0,4099.5,-451.5,420.0,4033.6,-491.5,311.5,4041.9,-218.8,517.5,-60.0,0.989394730645542,400.443034645806,-1.3523,2.842,6.8405,5.9149
168,3942.0,-180.6,475.0,4259.0,-180.0,465.0,4081.7,-463.5,257.0,3942.5,-185.48,631.0,4318.1,-187.0,627.0,4099.5,-451.5,420.0,4031.6,-490.5,309.0,4051.8,-218.8,524.5,200.0,0.9826190413307998,400.6529587454581,0.7451,3.5833,4.6056,3.7502
169,3942.0,-180.6,475.0,4259.0,-180.0,465.0,4081.7,-463.5,257.0,3942.5,-185.48,631.0,4318.1,-187.0,627.0,4099.5,-451.5,420.0,4031.6,-490.5,309.0,4051.8,-218.8,524.5,180.0,0.9826190413307998,400.6529587454581,0.7977,3.2361,4.753,3.6774
170,3942.0,-180.6,475.0,4259.0,-180.0,465.0,4081.7,-463.5,257.0,3942.5,-185.48,631.0,4318.1,-187.0,627.0,4099.5,-451.5,420.0,4031.6,-490.5,309.0,4051.8,-218.8,524.5,160.0,0.9826190413307998,400.6529587454581,0.8296,2.889,4.9032,3.624
171,3942.0,-180.6,475.0,4259.0,-180.0,465.0,4081.7,-463.5,257.0,3942.5,-185.48,631.0,4318.1,-187.0,627.0,4099.5,-451.5,420.0,4031.6,-490.5,309.0,4051.8,-218.8,524.5,140.0,0.9826190413307998,400.6529587454581,0.8401,2.5412,5.0563,3.5904
172,3942.0,-180.6,475.0,4259.0,-180.0,465.0,4081.7,-463.5,257.0,3942.5,-185.48,631.0,4318.1,-187.0,627.0,4099.5,-451.5,420.0,4031.6,-490.5,309.0,4051.8,-218.8,524.5,120.0,0.9826190413307998,400.6529587454581,0.8275,2.1918,5.2125,3.5782
173,3942.0,-180.6,475.0,4259.0,-180.0,465.0,4081.7,-463.5,257.0,3942.5,-185.48,631.0,4318.1,-187.0,627.0,4099.5,-451.5,420.0,4031.6,-490.5,309.0,4051.8,-218.8,524.5,100.0,0.9826190413307998,400.6529587454581,0.7895,1.8394,5.3719,3.5896
174,3942.0,-180.6,475.0,4259.0,-180.0,465.0,4081.7,-463.5,257.0,3942.5,-185.48,631.0,4318.1,-187.0,627.0,4099.5,-451.5,420.0,4031.6,-490.5,309.0,4051.8,-218.8,524.5,80.0,0.9826190413307998,400.6529587454581,0.7222,1.483,5.5348,3.6281
175,3942.0,-180.6,475.0,4259.0,-180.0,465.0,4081.7,-463.5,257.0,3942.5,-185.48,631.0,4318.1,-187.0,627.0,4099.5,-451.5,420.0,4031.6,-490.5,309.0,4051.8,-218.8,524.5,60.0,0.9826190413307998,400.6529587454581,0.6203,1.1212,5.7016,3.6989
176,3942.0,-180.6,475.0,4259.0,-180.0,465.0,4081.7,-463.5,257.0,3942.5,-185.48,631.0,4318.1,-187.0,627.0,4099.5,-451.5,420.0,4031.6,-490.5,309.0,4051.8,-218.8,524.5,40.0,0.9826190413307998,400.6529587454581,0.4756,0.7531,5.8728,3.81
177,3942.0,-180.6,475.0,4259.0,-180.0,465.0,4081.7,-463.5,257.0,3942.5,-185.48,631.0,4318.1,-187.0,627.0,4099.5,-451.5,420.0,4031.6,-490.5,309.0,4051.8,-218.8,524.5,20.0,0.9826190413307998,400.6529587454581,0.2755,0.3786,6.0493,3.9738
178,3942.0,-180.6,475.0,4259.0,-180.0,465.0,4081.7,-463.5,257.0,3942.5,-185.48,631.0,4318.1,-187.0,627.0,4099.5,-451.5,420.0,4031.6,-490.5,309.0,4051.8,-218.8,524.5,0.0,0.9826190413307998,400.6529587454581,0.0,0.0,6.2322,4.2105
179,3942.0,-180.6,475.0,4259.0,-180.0,465.0,4081.7,-463.5,257.0,3942.5,-185.48,631.0,4318.1,-187.0,627.0,4099.5,-451.5,420.0,4031.6,-490.5,309.0,4051.8,-218.8,524.5,-20.0,0.9826190413307998,400.6529587454581,-0.3861,-0.3724,6.4235,4.5563
180,3942.0,-180.6,475.0,4259.0,-180.0,465.0,4081.7,-463.5,257.0,3942.5,-185.48,631.0,4318.1,-187.0,627.0,4099.5,-451.5,420.0,4031.6,-490.5,309.0,4051.8,-218.8,524.5,-40.0,0.9826190413307998,400.6529587454581,-0.9512,-0.7029,6.6273,5.0838
181,3942.0,-180.6,475.0,4259.0,-180.0,465.0,4081.7,-463.5,257.0,3942.5,-185.48,631.0,4318.1,-187.0,627.0,4099.5,-451.5,420.0,4031.6,-490.5,309.0,4051.8,-218.8,524.5,-60.0,0.9826190413307998,400.6529587454581,-1.8592,-0.8483,6.8525,5.9738
182,3942.0,-180.6,475.0,4259.0,-180.0,465.0,4081.7,-463.5,257.0,3942.5,-185.48,631.0,4318.1,-187.0,627.0,4099.5,-451.5,420.0,4031.6,-491.5,309.0,4051.8,-216.8,514.5,200.0,0.9863077888744407,398.3412411655995,0.2023,-3.1876,4.6138,3.7456
183,3942.0,-180.6,475.0,4259.0,-180.0,465.0,4081.7,-463.5,257.0,3942.5,-185.48,631.0,4318.1,-187.0,627.0,4099.5,-451.5,420.0,4031.6,-491.5,309.0,4051.8,-216.8,514.5,180.0,0.9863077888744407,398.3412411655995,0.2855,-2.9467,4.7608,3.6742
184,3942.0,-180.6,475.0,4259.0,-180.0,465.0,4081.7,-463.5,257.0,3942.5,-185.48,631.0,4318.1,-187.0,627.0,4099.5,-451.5,420.0,4031.6,-491.5,309.0,4051.8,-216.8,514.5,160.0,0.9863077888744407,398.3412411655995,0.3507,-2.7065,4.9106,3.6219
185,3942.0,-180.6,475.0,4259.0,-180.0,465.0,4081.7,-463.5,257.0,3942.5,-185.48,631.0,4318.1,-187.0,627.0,4099.5,-451.5,420.0,4031.6,-491.5,309.0,4051.8,-216.8,514.5,140.0,0.9863077888744407,398.3412411655995,0.3977,-2.4627,5.0633,3.5894
186,3942.0,-180.6,475.0,4259.0,-180.0,465.0,4081.7,-463.5,257.0,3942.5,-185.48,631.0,4318.1,-187.0,627.0,4099.5,-451.5,420.0,4031.6,-491.5,309.0,4051.8,-216.8,514.5,120.0,0.9863077888744407,398.3412411655995,0.4256,-2.2104,5.2189,3.5782
187,3942.0,-180.6,475.0,4259.0,-180.0,465.0,4081.7,-463.5,257.0,3942.5,-185.48,631.0,4318.1,-187.0,627.0,4099.5,-451.5,420.0,4031.6,-491.5,309.0,4051.8,-216.8,514.5,100.0,0.9863077888744407,398.3412411655995,0.4327,-1.944,5.3777,3.5905
188,3942.0,-180.6,475.0,4259.0,-180.0,465.0,4081.7,-463.5,257.0,3942.5,-185.48,631.0,4318.1,-187.0,627.0,4099.5,-451.5,420.0,4031.6,-491.5,309.0,4051.8,-216.8,514.5,80.0,0.9863077888744407,398.3412411655995,0.4164,-1.6559,5.5399,3.6297
189,3942.0,-180.6,475.0,4259.0,-180.0,465.0,4081.7,-463.5,257.0,3942.5,-185.48,631.0,4318.1,-187.0,627.0,4099.5,-451.5,420.0,4031.6,-491.5,309.0,4051.8,-216.8,514.5,60.0,0.9863077888744407,398.3412411655995,0.3728,-1.3365,5.7058,3.7011
190,3942.0,-180.6,475.0,4259.0,-180.0,465.0,4081.7,-463.5,257.0,3942.5,-185.48,631.0,4318.1,-187.0,627.0,4099.5,-451.5,420.0,4031.6,-491.5,309.0,4051.8,-216.8,514.5,40.0,0.9863077888744407,398.3412411655995,0.2959,-0.9713,5.876,3.8124
191,3942.0,-180.6,475.0,4259.0,-180.0,465.0,4081.7,-463.5,257.0,3942.5,-185.48,631.0,4318.1,-187.0,627.0,4099.5,-451.5,420.0,4031.6,-491.5,309.0,4051.8,-216.8,514.5,20.0,0.9863077888744407,398.3412411655995,0.1765,-0.5382,6.0511,3.9757
192,3942.0,-180.6,475.0,4259.0,-180.0,465.0,4081.7,-463.5,257.0,3942.5,-185.48,631.0,4318.1,-187.0,627.0,4099.5,-451.5,420.0,4031.6,-491.5,309.0,4051.8,-216.8,514.5,0.0,0.9863077888744407,398.3412411655995,0.0,0.0,6.2322,4.2105
193,3942.0,-180.6,475.0,4259.0,-180.0,465.0,4081.7,-463.5,257.0,3942.5,-185.48,631.0,4318.1,-187.0,627.0,4099.5,-451.5,420.0,4031.6,-491.5,309.0,4051.8,-216.8,514.5,-20.0,0.9863077888744407,398.3412411655995,-0.2585,0.7123,6.421,4.551
194,3942.0,-180.6,475.0,4259.0,-180.0,465.0,4081.7,-463.5,257.0,3942.5,-185.48,631.0,4318.1,-187.0,627.0,4099.5,-451.5,420.0,4031.6,-491.5,309.0,4051.8,-216.8,514.5,-40.0,0.9863077888744407,398.3412411655995,-0.6452,1.7465,6.6208,5.0637
195,3942.0,-180.6,475.0,4259.0,-180.0,465.0,4081.7,-463.5,257.0,3942.5,-185.48,631.0,4318.1,-187.0,627.0,4099.5,-451.5,420.0,4031.6,-491.5,309.0,4051.8,-216.8,514.5,-60.0,0.9863077888744407,398.3412411655995,-1.2603,3.4954,6.8383,5.9045
196,3942.0,-180.6,475.0,4259.0,-180.0,465.0,4081.7,-463.5,257.0,3942.5,-185.48,631.0,4318.1,-187.0,627.0,4099.5,-451.5,420.0,4031.6,-491.5,312.0,4041.8,-216.8,518.5,200.0,0.9890500291365021,398.4753736780286,0.2388,-2.7114,4.6132,3.7459
197,3942.0,-180.6,475.0,4259.0,-180.0,465.0,4081.7,-463.5,257.0,3942.5,-185.48,631.0,4318.1,-187.0,627.0,4099.5,-451.5,420.0,4031.6,-491.5,312.0,4041.8,-216.8,518.5,180.0,0.9890500291365021,398.4753736780286,0.3195,-2.5196,4.7603,3.6744
198,3942.0,-180.6,475.0,4259.0,-180.0,465.0,4081.7,-463.5,257.0,3942.5,-185.48,631.0,4318.1,-187.0,627.0,4099.5,-451.5,420.0,4031.6,-491.5,312.0,4041.8,-216.8,518.5,160.0,0.9890500291365021,398.4753736780286,0.3821,-2.3269,4.9101,3.622
199,3942.0,-180.6,475.0,4259.0,-180.0,465.0,4081.7,-463.5,257.0,3942.5,-185.48,631.0,4318.1,-187.0,627.0,4099.5,-451.5,420.0,4031.6,-491.5,312.0,4041.8,-216.8,518.5,140.0,0.9890500291365021,398.4753736780286,0.4264,-2.1294,5.0628,3.5895
200,3942.0,-180.6,475.0,4259.0,-180.0,465.0,4081.7,-463.5,257.0,3942.5,-185.48,631.0,4318.1,-187.0,627.0,4099.5,-451.5,420.0,4031.6,-491.5,312.0,4041.8,-216.8,518.5,120.0,0.9890500291365021,398.4753736780286,0.4513,-1.9226,5.2185,3.5782
201,3942.0,-180.6,475.0,4259.0,-180.0,465.0,4081.7,-463.5,257.0,3942.5,-185.48,631.0,4318.1,-187.0,627.0,4099.5,-451.5,420.0,4031.6,-491.5,312.0,4041.8,-216.8,518.5,100.0,0.9890500291365021,398.4753736780286,0.4551,-1.7011,5.3773,3.5904
202,3942.0,-180.6,475.0,4259.0,-180.0,465.0,4081.7,-463.5,257.0,3942.5,-185.48,631.0,4318.1,-187.0,627.0,4099.5,-451.5,420.0,4031.6,-491.5,312.0,4041.8,-216.8,518.5,80.0,0.9890500291365021,398.4753736780286,0.4353,-1.4582,5.5395,3.6296
203,3942.0,-180.6,475.0,4259.0,-180.0,465.0,4081.7,-463.5,257.0,3942.5,-185.48,631.0,4318.1,-187.0,627.0,4099.5,-451.5,420.0,4031.6,-491.5,312.0,4041.8,-216.8,518.5,60.0,0.9890500291365021,398.4753736780286,0.3879,-1.1845,5.7055,3.701
204,3942.0,-180.6,475.0,4259.0,-180.0,465.0,4081.7,-463.5,257.0,3942.5,-185.48,631.0,4318.1,-187.0,627.0,4099.5,-451.5,420.0,4031.6,-491.5,312.0,4041.8,-216.8,518.5,40.0,0.9890500291365021,398.4753736780286,0.3067,-0.8666,5.8758,3.8123
205,3942.0,-180.6,475.0,4259.0,-180.0,465.0,4081.7,-463.5,257.0,3942.5,-185.48,631.0,4318.1,-187.0,627.0,4099.5,-451.5,420.0,4031.6,-491.5,312.0,4041.8,-216.8,518.5,20.0,0.9890500291365021,398.4753736780286,0.1824,-0.4835,6.0509,3.9756
206,3942.0,-180.6,475.0,4259.0,-180.0,465.0,4081.7,-463.5,257.0,3942.5,-185.48,631.0,4318.1,-187.0,627.0,4099.5,-451.5,420.0,4031.6,-491.5,312.0,4041.8,-216.8,518.5,0.0,0.9890500291365021,398.4753736780286,0.0,0.0,6.2322,4.2105
207,3942.0,-180.6,475.0,4259.0,-180.0,465.0,4081.7,-463.5,257.0,3942.5,-185.48,631.0,4318.1,-187.0,627.0,4099.5,-451.5,420.0,4031.6,-491.5,312.0,4041.8,-216.8,518.5,-20.0,0.9890500291365021,398.4753736780286,-0.2659,0.6495,6.4212,4.5513
208,3942.0,-180.6,475.0,4259.0,-180.0,465.0,4081.7,-463.5,257.0,3942.5,-185.48,631.0,4318.1,-187.0,627.0,4099.5,-451.5,420.0,4031.6,-491.5,312.0,4041.8,-216.8,518.5,-40.0,0.9890500291365021,398.4753736780286,-0.6632,1.6048,6.6212,5.0648
209,3942.0,-180.6,475.0,4259.0,-180.0,465.0,4081.7,-463.5,257.0,3942.5,-185.48,631.0,4318.1,-187.0,627.0,4099.5,-451.5,420.0,4031.6,-491.5,312.0,4041.8,-216.8,518.5,-60.0,0.9890500291365021,398.4753736780286,-1.2965,3.2383,6.8392,5.9086
210,3942.0,-180.6,475.0,4259.0,-180.0,465.0,4081.7,-463.5,257.0,3942.5,-185.48,631.0,4318.1,-187.0,627.0,4099.5,-451.5,420.0,4033.6,-491.5,311.5,4041.9,-214.8,519.5,200.0,0.9896795528225376,396.5075316314403,0.2671,-2.3446,4.6128,3.7462
211,3942.0,-180.6,475.0,4259.0,-180.0,465.0,4081.7,-463.5,257.0,3942.5,-185.48,631.0,4318.1,-187.0,627.0,4099.5,-451.5,420.0,4033.6,-491.5,311.5,4041.9,-214.8,519.5,180.0,0.9896795528225376,396.5075316314403,0.3434,-2.2205,4.7599,3.6745
212,3942.0,-180.6,475.0,4259.0,-180.0,465.0,4081.7,-463.5,257.0,3942.5,-185.48,631.0,4318.1,-187.0,627.0,4099.5,-451.5,420.0,4033.6,-491.5,311.5,4041.9,-214.8,519.5,160.0,0.9896795528225376,396.5075316314403,0.4019,-2.0892,4.9098,3.6221
213,3942.0,-180.6,475.0,4259.0,-180.0,465.0,4081.7,-463.5,257.0,3942.5,-185.48,631.0,4318.1,-187.0,627.0,4099.5,-451.5,420.0,4033.6,-491.5,311.5,4041.9,-214.8,519.5,140.0,0.9896795528225376,396.5075316314403,0.4421,-1.9471,5.0626,3.5895
214,3942.0,-180.6,475.0,4259.0,-180.0,465.0,4081.7,-463.5,257.0,3942.5,-185.48,631.0,4318.1,-187.0,627.0,4099.5,-451.5,420.0,4033.6,-491.5,311.5,4041.9,-214.8,519.5,120.0,0.9896795528225376,396.5075316314403,0.4631,-1.7896,5.2183,3.5782
215,3942.0,-180.6,475.0,4259.0,-180.0,465.0,4081.7,-463.5,257.0,3942.5,-185.48,631.0,4318.1,-187.0,627.0,4099.5,-451.5,420.0,4033.6,-491.5,311.5,4041.9,-214.8,519.5,100.0,0.9896795528225376,396.5075316314403,0.4635,-1.6113,5.3772,3.5904
216,3942.0,-180.6,475.0,4259.0,-180.0,465.0,4081.7,-463.5,257.0,3942.5,-185.48,631.0,4318.1,-187.0,627.0,4099.5,-451.5,420.0,4033.6,-491.5,311.5,4041.9,-214.8,519.5,80.0,0.9896795528225376,396.5075316314403,0.4405,-1.4048,5.5395,3.6296
217,3942.0,-180.6,475.0,4259.0,-180.0,465.0,4081.7,-463.5,257.0,3942.5,-185.48,631.0,4318.1,-187.0,627.0,4099.5,-451.5,420.0,4033.6,-491.5,311.5,4041.9,-214.8,519.5,60.0,0.9896795528225376,396.5075316314403,0.3903,-1.1601,5.7055,3.701
218,3942.0,-180.6,475.0,4259.0,-180.0,465.0,4081.7,-463.5,257.0,3942.5,-185.48,631.0,4318.1,-187.0,627.0,4099.5,-451.5,420.0,4033.6,-491.5,311.5,4041.9,-214.8,519.5,40.0,0.9896795528225376,396.5075316314403,0.3071,-0.8624,5.8758,3.8123
219,3942.0,-180.6,475.0,4259.0,-180.0,465.0,4081.7,-463.5,257.0,3942.5,-185.48,631.0,4318.1,-187.0,627.0,4099.5,-451.5,420.0,4033.6,-491.5,311.5,4041.9,-214.8,519.5,20.0,0.9896795528225376,396.5075316314403,0.1818,-0.4886,6.051,3.9756
220,3942.0,-180.6,475.0,4259.0,-180.0,465.0,4081.7,-463.5,257.0,3942.5,-185.48,631.0,4318.1,-187.0,627.0,4099.5,-451.5,420.0,4033.6,-491.5,311.5,4041.9,-214.8,519.5,0.0,0.9896795528225376,396.5075316314403,0.0,0.0,6.2322,4.2105
221,3942.0,-180.6,475.0,4259.0,-180.0,465.0,4081.7,-463.5,257.0,3942.5,-185.48,631.0,4318.1,-187.0,627.0,4099.5,-451.5,420.0,4033.6,-491.5,311.5,4041.9,-214.8,519.5,-20.0,0.9896795528225376,396.5075316314403,-0.2629,0.6752,6.4211,4.5511
222,3942.0,-180.6,475.0,4259.0,-180.0,465.0,4081.7,-463.5,257.0,3942.5,-185.48,631.0,4318.1,-187.0,627.0,4099.5,-451.5,420.0,4033.6,-491.5,311.5,4041.9,-214.8,519.5,-40.0,0.9896795528225376,396.5075316314403,-0.6525,1.6887,6.6209,5.0642
223,3942.0,-180.6,475.0,4259.0,-180.0,465.0,4081.7,-463.5,257.0,3942.5,-185.48,631.0,4318.1,-187.0,627.0,4099.5,-451.5,420.0,4033.6,-491.5,311.5,4041.9,-214.8,519.5,-60.0,0.9896795528225376,396.5075316314403,-1.2683,3.4385,6.8385,5.9054
